pneumaticcraft,56
appliedenergistics2,42
cyclic,41
refinedstorage,24
minecraft,24
extrastorage,14
draconicevolution,13
cookingforblockheads,9
silentgear,8
silentgems,7
astralsorcery,6
iceandfire,6
treasure2,6
atum,5
supplementaries,5
mob_grinding_utils,5
doggytalents,4
waystones,4
bloodmagic,4
storagedrawers,4
cfm,4
trashcans,4
exoticbirds,4
tetra,3
eidolon,3
quark,3
wrd,3
xreliquary,2
cofh_core,2
sophisticatedbackpacks,2
apotheosis,2
classes,2
botania,2
simplegens,2
mcwfurnitures,2
wyrmroost,1
bountifulbaubles,1
itemfilters,1
platforms,1
libx,1
husbandry,1
betterendforge,1
brandonscore,1
farmersdelight,1
titanium,1
valkyrielib,1
emendatusenigmatica,1
bountiful,1
curios,1
fastbench,1
ceramics,1
aquaculture,1